Profile Name,Title Name,Country,Utc Title Add Date
Alex,The Water Man,New Zealand,2021-07-23
Alex,Fantastic Mr. Fox,New Zealand,2021-07-23
Alex,Transformers: Age of Extinction,New Zealand,2021-06-26
Alex,Are We There Yet?,New Zealand,2021-06-18
Alex,The Adventures of Sharkboy and Lavagirl,New Zealand,2021-06-18
Alex,Indiana Jones and the Kingdom of the Crystal Skull,New Zealand,2021-06-11
Alex,Sweet Tooth,New Zealand,2021-06-11
Alex,Dora and the Lost City of Gold,New Zealand,2021-06-11
Alex,Ace Ventura: When Nature Calls,New Zealand,2021-06-04
Alex,The Legend of Zorro,New Zealand,2021-05-29
Alex,The Mask of Zorro,New Zealand,2021-05-29
Alex,Ready Player One,New Zealand,2021-05-28
Alex,Transformers,New Zealand,2021-05-28
Alex,Wonder,New Zealand,2021-05-28
Alex,Ace Ventura: Pet Detective,New Zealand,2021-05-28
Alex,Men in Black,New Zealand,2021-05-21
Alex,Johnny English Reborn,New Zealand,2021-05-21
Alex,Robin Hood: Men in Tights,New Zealand,2021-05-01
Alex,Johnny English,New Zealand,2021-04-27
Alex,Batman Begins,New Zealand,2020-10-17
Alex,Bumblebee,New Zealand,2020-10-17
Alex,Green Lantern,New Zealand,2020-10-08
Alex,Jurassic World Camp Cretaceous,New Zealand,2020-09-19
Alex,Total Drama,New Zealand,2020-09-19
Alex,Surf's Up: Wave Mania,New Zealand,2019-12-23
Alex,The Universe,New Zealand,2019-10-10
Alex,Earth: One Amazing Day,New Zealand,2019-10-10
Alex,Our Planet,New Zealand,2019-10-10
Alex,The Epic Tales of Captain Underpants,New Zealand,2019-08-31
Alex,The Flintstones,New Zealand,2019-08-31
Alex,Kicking & Screaming,New Zealand,2019-08-31
Alex,Pan,New Zealand,2019-08-30
Alex,Peter Pan,New Zealand,2019-08-30
Alex,The Epic Tales of Captain Underpants,New Zealand,2019-05-25
Alex,Oggy and the Cockroaches,New Zealand,2019-02-24
Cruzer,Midnight Mass,New Zealand,2021-09-28
Cruzer,The Starling,New Zealand,2021-09-25
Cruzer,Midnight Mass,New Zealand,2021-09-24
Cruzer,Ladies in Black,New Zealand,2021-09-18
Cruzer,Clickbait,New Zealand,2021-09-01
Cruzer,Family Reunion,New Zealand,2021-08-27
Cruzer,The Innocent,New Zealand,2021-08-19
Cruzer,Gone for Good,New Zealand,2021-08-19
Cruzer,Downton Abbey,New Zealand,2021-08-13
Cruzer,This Little Love Of Mine,New Zealand,2021-07-11
Cruzer,Bridget Jones's Baby,New Zealand,2021-07-03
Cruzer,Requiem,New Zealand,2021-07-03
Cruzer,Halston,New Zealand,2021-06-06
Cruzer,The Woman in the Window,New Zealand,2021-05-22
Cruzer,Just Say Yes,New Zealand,2021-05-22
Cruzer,Who Killed Sara?,New Zealand,2021-05-21
Cruzer,The Woman in the Window,New Zealand,2021-05-15
Cruzer,Palm Beach,New Zealand,2021-04-13
Cruzer,Thunder Force,New Zealand,2021-04-09
Cruzer,Concrete Cowboy,New Zealand,2021-04-03
Cruzer,The One,New Zealand,2021-03-28
Cruzer,Country Comfort,New Zealand,2021-03-20
Cruzer,Deadly Illusions,New Zealand,2021-03-18
Cruzer,The Bold Type,New Zealand,2021-03-09
Cruzer,Giri / Haji,New Zealand,2021-03-07
Cruzer,Murder Among the Mormons,New Zealand,2021-03-04
Cruzer,A Fall from Grace,New Zealand,2021-02-21
Cruzer,When We First Met,New Zealand,2021-02-21
Cruzer,Behind Her Eyes,New Zealand,2021-02-21
Cruzer,News of the World,New Zealand,2021-02-13
Cruzer,Crime Scene: The Vanishing at the Cecil Hotel,New Zealand,2021-02-11
Cruzer,Firefly Lane,New Zealand,2021-02-04
Cruzer,Blown Away,New Zealand,2021-01-23
Cruzer,Blood & Water,New Zealand,2021-01-20
Cruzer,Night Stalker: The Hunt for a Serial Killer,New Zealand,2021-01-19
Cruzer,Blood & Water,New Zealand,2021-01-18
Cruzer,Agatha Christie's Crooked House,New Zealand,2021-01-17
Cruzer,Locke & Key,New Zealand,2021-01-14
Cruzer,Lupin,New Zealand,2021-01-11
Cruzer,"I, Tonya",New Zealand,2020-12-22
Cruzer,How To Ruin Christmas,New Zealand,2020-12-20
Cruzer,A California Christmas,New Zealand,2020-12-16
Cruzer,Gossip Girl,New Zealand,2020-12-11
Cruzer,Selena,New Zealand,2020-12-08
Cruzer,Dolly Parton’s Christmas on the Square,New Zealand,2020-12-08
Cruzer,Dolly Parton’s Christmas on the Square,New Zealand,2020-12-05
Cruzer,Dolly Parton: Here I Am,New Zealand,2020-12-05
Cruzer,Dolly Parton's Heartstrings,New Zealand,2020-12-05
Cruzer,Selena: The Series,New Zealand,2020-12-04
Cruzer,Little,New Zealand,2020-12-01
Cruzer,Little,New Zealand,2020-11-30
Cruzer,Book Club,New Zealand,2020-11-29
Cruzer,DASH & LILY,New Zealand,2020-11-28
Cruzer,American Murder: The Family Next Door,New Zealand,2020-11-14
Cruzer,Christmas Under Wraps,New Zealand,2020-11-10
Cruzer,A New York Christmas Wedding,New Zealand,2020-11-10
Cruzer,Holidate,New Zealand,2020-11-06
Cruzer,Midnight at the Magnolia,New Zealand,2020-11-05
Cruzer,Christmas Made To Order,New Zealand,2020-11-02
Cruzer,My Christmas Inn,New Zealand,2020-11-01
Cruzer,The Alienist,New Zealand,2020-10-31
Cruzer,The Queen's Gambit,New Zealand,2020-10-31
Cruzer,Holidate,New Zealand,2020-10-30
Cruzer,What Men Want,New Zealand,2020-10-30
Cruzer,Holidate,New Zealand,2020-10-29
Cruzer,Rebecca,New Zealand,2020-10-22
Cruzer,Killers,New Zealand,2020-10-20
Cruzer,Queer Eye,New Zealand,2020-10-20
Cruzer,The Haunting of Bly Manor,New Zealand,2020-10-09
Cruzer,The Amazing Spider-Man,New Zealand,2020-10-09
Cruzer,Carrie Pilby,New Zealand,2020-10-08
Cruzer,Emily in Paris,New Zealand,2020-10-02
Cruzer,Instant Family,New Zealand,2020-10-01
Cruzer,Hannibal,New Zealand,2020-09-26
Cruzer,Romance on the Menu,New Zealand,2020-09-26
Cruzer,Enola Holmes,New Zealand,2020-09-25
Cruzer,Enola Holmes,New Zealand,2020-09-23
Cruzer,A Nice Girl Like You,New Zealand,2020-09-20
Cruzer,Ratched,New Zealand,2020-09-20
Cruzer,Last Vegas,New Zealand,2020-09-13
Cruzer,Trauma Center,New Zealand,2020-09-13
Cruzer,Lost Girls,New Zealand,2020-09-13
Cruzer,Nobody's Fool,New Zealand,2020-09-13
Cruzer,Inferno,New Zealand,2020-09-13
Cruzer,Miss You Already,New Zealand,2020-09-13
Cruzer,The Duchess,New Zealand,2020-09-12
Cruzer,Fantastic Beasts and Where To Find Them,New Zealand,2020-09-12
Cruzer,The Duchess,New Zealand,2020-09-11
Cruzer,Get Organized with The Home Edit,New Zealand,2020-09-11
Cruzer,Peaky Blinders,New Zealand,2020-08-30
Cruzer,The Blacklist,New Zealand,2020-08-25
Cruzer,Superman Returns,New Zealand,2020-08-21
Cruzer,Line of Duty,New Zealand,2020-08-18
Cruzer,Janet King,New Zealand,2020-08-18
Cruzer,Dirty John,New Zealand,2020-08-15
Cruzer,The Lord of the Rings: The Return of the King,New Zealand,2020-08-15
Cruzer,Little Italy,New Zealand,2020-08-14
Cruzer,GAME ON: A Comedy Crossover Event,New Zealand,2020-08-11
Cruzer,Last Holiday,New Zealand,2020-08-08
Cruzer,Seriously Single,New Zealand,2020-08-08
Cruzer,Hannibal,New Zealand,2020-08-08
Cruzer,The Sinner,New Zealand,2020-07-24
Cruzer,My Summer Prince,New Zealand,2020-07-20
Cruzer,Fatal Affair,New Zealand,2020-07-18
Cruzer,Fatal Affair,New Zealand,2020-07-17
Cruzer,Money,New Zealand,2020-07-08
Cruzer,The Five-Year Engagement,New Zealand,2020-07-07
Cruzer,Spinning Out,New Zealand,2020-07-07
Cruzer,The House with a Clock in Its Walls,New Zealand,2020-07-05
Cruzer,Show Dogs,New Zealand,2020-07-05
Cruzer,The Woods,New Zealand,2020-07-04
Cruzer,Desperados,New Zealand,2020-07-04
Cruzer,The House,New Zealand,2020-07-04
Cruzer,Garth Brooks: The Road I’m On,New Zealand,2020-06-24
Cruzer,Friends,New Zealand,2020-06-20
Cruzer,Rough Night,New Zealand,2020-06-19
Cruzer,Smallfoot,New Zealand,2020-06-19
Cruzer,The Woods,New Zealand,2020-06-14
Cruzer,Crazy Rich Asians,New Zealand,2020-06-12
Cruzer,Dynasty,New Zealand,2020-06-09
Cruzer,White Lines,New Zealand,2020-05-23
Cruzer,Night School,New Zealand,2020-05-23
Cruzer,Queer Eye,New Zealand,2020-05-23
Cruzer,Sweet Magnolias,New Zealand,2020-05-22
Cruzer,The Wrong Missy,New Zealand,2020-05-19
Cruzer,White Lines,New Zealand,2020-05-16
Cruzer,The World We Make,New Zealand,2020-05-11
Cruzer,Hollywood,New Zealand,2020-05-07
Cruzer,New Girl,New Zealand,2020-05-07
Cruzer,Roped,New Zealand,2020-05-07
Cruzer,Hollywood,New Zealand,2020-05-06
Cruzer,Modern Family,New Zealand,2020-05-04
Cruzer,Freud,New Zealand,2020-05-03
Cruzer,Marcella,New Zealand,2020-05-03
Cruzer,Mrs. Serial Killer,New Zealand,2020-05-02
Cruzer,Dangerous Lies,New Zealand,2020-05-01
Cruzer,Where the Wild Things Are,New Zealand,2020-05-01
Cruzer,Extraction,New Zealand,2020-04-25
Cruzer,The Last Dance,New Zealand,2020-04-22
Cruzer,The Healer,New Zealand,2020-04-12
Cruzer,Ozark,New Zealand,2020-04-10
Cruzer,Life of the Party,New Zealand,2020-04-10
Cruzer,Great News,New Zealand,2020-04-02
Cruzer,Queer Eye,New Zealand,2020-04-02
Cruzer,Toy Boy,New Zealand,2020-03-26
Cruzer,The Valhalla Murders,New Zealand,2020-03-26
Cruzer,Blended,New Zealand,2020-03-25
Cruzer,New Year's Eve,New Zealand,2020-03-25
Cruzer,"Tiger King: Murder, Mayhem and Madness",New Zealand,2020-03-22
Cruzer,Spenser Confidential,New Zealand,2020-03-07
Cruzer,Deliver Us from Evil,New Zealand,2020-02-29
Cruzer,Girl on the Third Floor,New Zealand,2020-02-28
Cruzer,Awake,New Zealand,2020-02-28
Cruzer,I Feel Pretty,New Zealand,2020-02-07
Cruzer,Uncut Gems,New Zealand,2020-02-02
Cruzer,Awake,New Zealand,2020-02-01
Cruzer,The Stranger,New Zealand,2020-01-31
Cruzer,A Fall from Grace,New Zealand,2020-01-29
Cruzer,Deadcon,New Zealand,2020-01-27
Cruzer,Game Night,New Zealand,2020-01-27
Cruzer,Killer Inside: The Mind of Aaron Hernandez,New Zealand,2020-01-23
Cruzer,Pretty Little Stalker,New Zealand,2020-01-23
Cruzer,Pretty Little Stalker,New Zealand,2020-01-21
Cruzer,Brooklyn Nine-Nine,New Zealand,2020-01-19
Cruzer,The Irishman,United States,2020-01-17
Cruzer,Home Is Where the Killer Is,United States,2020-01-15
Cruzer,6 Underground,New Zealand,2019-12-14
Cruzer,Home for Christmas,New Zealand,2019-12-08
Cruzer,Christmas With A View,New Zealand,2019-12-08
Cruzer,A Christmas Prince: The Royal Baby,New Zealand,2019-12-06
Cruzer,Christmas Wedding Planner,New Zealand,2019-12-03
Cruzer,Merry Happy Whatever,New Zealand,2019-12-01
Cruzer,Dolly Parton's Heartstrings,New Zealand,2019-11-27
Cruzer,Fifty Shades Freed,New Zealand,2019-11-23
Cruzer,The Knight Before Christmas,New Zealand,2019-11-23
Cruzer,Let It Snow,New Zealand,2019-11-09
Cruzer,Holiday in the Wild,New Zealand,2019-11-05
Cruzer,Rattlesnake,New Zealand,2019-10-25
Cruzer,Pitch Perfect 3,New Zealand,2019-10-21
Cruzer,Skin Wars: Fresh Paint,New Zealand,2019-10-18
Cruzer,Home Is Where the Killer Is,New Zealand,2019-10-12
Cruzer,Deviant Love,New Zealand,2019-10-07
Cruzer,Unbelievable,New Zealand,2019-10-02
Cruzer,In the Tall Grass,New Zealand,2019-09-30
Cruzer,In the Shadow of the Moon,New Zealand,2019-09-29
Cruzer,Careful What You Wish For,New Zealand,2019-09-29
Cruzer,Miss Meadows,New Zealand,2019-09-29
Cruzer,Tyler Perry's The Single Moms Club,New Zealand,2019-09-07
Cruzer,Fanatic,New Zealand,2019-09-07
Cruzer,The Dilemma,New Zealand,2019-09-07
Cruzer,Daddy's Home 2,New Zealand,2019-09-07
Cruzer,The Wilde Wedding,New Zealand,2019-08-29
Cruzer,Falling Inn Love,New Zealand,2019-08-25
Cruzer,The Shallows,New Zealand,2019-08-17
Cruzer,Blown Away,New Zealand,2019-08-10
Cruzer,Black Spot,New Zealand,2019-08-10
Cruzer,Running Out of Time,New Zealand,2019-08-04
Cruzer,Otherhood,New Zealand,2019-08-04
Cruzer,Republic of Doyle,New Zealand,2019-07-28
Cruzer,Secret Obsession,New Zealand,2019-07-27
Cruzer,We Belong Together,New Zealand,2019-07-16
Cruzer,Whiteout,New Zealand,2019-07-15
Cruzer,White Gold,New Zealand,2019-07-15
Cruzer,Going the Distance,New Zealand,2019-07-15
Cruzer,Vexed,New Zealand,2019-07-15
Cruzer,Kidnapping Stella,New Zealand,2019-07-14
Cruzer,The Week Of,New Zealand,2019-07-11
Cruzer,This Is Where I Leave You,New Zealand,2019-07-11
Cruzer,Unit 42,New Zealand,2019-07-11
Cruzer,Mortdecai,New Zealand,2019-07-11
Cruzer,Family Reunion,New Zealand,2019-07-11
Cruzer,Lakeview Terrace,New Zealand,2019-07-11
Cruzer,Secret Obsession,New Zealand,2019-07-10
Cruzer,The Week Of,New Zealand,2019-07-09
Cruzer,The Stepfather,New Zealand,2019-07-09
Cruzer,True Story,New Zealand,2019-07-09
Cruzer,Hampstead,New Zealand,2019-07-06
Cruzer,The Big Bang Theory,New Zealand,2019-07-06
Cruzer,The Other Boleyn Girl,New Zealand,2019-06-30
Cruzer,The Good Cop,New Zealand,2019-06-30
Cruzer,The Brothers Grimsby,New Zealand,2019-06-30
Cruzer,The Alcàsser Murders,New Zealand,2019-06-30
Cruzer,Mr. Iglesias,New Zealand,2019-06-23
Cruzer,Murder Mystery,New Zealand,2019-06-16
Cruzer,Girls Trip,New Zealand,2019-06-14
Cruzer,Killer Cove,New Zealand,2019-06-08
Cruzer,The Break,New Zealand,2019-06-06
Cruzer,Bad Match,New Zealand,2019-06-01
Cruzer,The Glass House,New Zealand,2019-06-01
Cruzer,Turn Up Charlie,New Zealand,2019-05-31
Cruzer,Always Be My Maybe,New Zealand,2019-05-31
Cruzer,Sex and the City 2,New Zealand,2019-05-31
Cruzer,Dead to Me,New Zealand,2019-05-20
Cruzer,Shattered Memories,New Zealand,2019-05-13
Cruzer,Hidden in Plain Sight,New Zealand,2019-05-13
Cruzer,Wine Country,New Zealand,2019-05-12
Cruzer,Dead to Me,New Zealand,2019-05-06
Cruzer,"Extremely Wicked, Shockingly Evil and Vile",New Zealand,2019-05-04
Cruzer,Unforgettable,New Zealand,2019-05-04
Cruzer,Wine Country,New Zealand,2019-05-02
Cruzer,Murder Mystery,New Zealand,2019-05-02
Cruzer,Sex and the City: The Movie,New Zealand,2019-04-28
Cruzer,Someone Great,New Zealand,2019-04-28
Cruzer,The Basement,New Zealand,2019-04-12
Cruzer,Bloodline,New Zealand,2019-04-12
Cruzer,The Assassination of Gianni Versace,New Zealand,2019-04-12
Cruzer,Murder on the Cape,New Zealand,2019-04-12
Cruzer,Baywatch,New Zealand,2019-04-07
Cruzer,"Gabriel ""Fluffy"" Iglesias: One Show Fits All",New Zealand,2019-04-06
Cruzer,Scooby-Doo! & Batman: The Brave And The Bold,New Zealand,2019-04-06
Cruzer,Identity Thief,New Zealand,2019-04-04
Cruzer,Wolves at the Door,New Zealand,2019-03-23
Cruzer,The Apartment,New Zealand,2019-03-23
Cruzer,Hollywood Darlings,New Zealand,2019-03-23
Cruzer,No Other Woman,New Zealand,2019-03-23
Cruzer,The Student,New Zealand,2019-03-23
Cruzer,The Assassination of Gianni Versace,New Zealand,2019-03-21
Cruzer,Acrimony,New Zealand,2019-03-21
Cruzer,The Student,New Zealand,2019-03-20
Cruzer,Maggie's Plan,New Zealand,2019-03-20
Cruzer,The Other Boleyn Girl,New Zealand,2019-03-20
Cruzer,Deadly Scholars,New Zealand,2019-03-20
Cruzer,Turn Up Charlie,New Zealand,2019-03-18
Cruzer,Murder on the Cape,New Zealand,2019-03-14
Cruzer,Good People,New Zealand,2019-03-14
Cruzer,Juanita,New Zealand,2019-03-09
Cruzer,Our House,New Zealand,2019-03-03
Cruzer,Isn't It Romantic,New Zealand,2019-03-01
Cruzer,The People vs. O.J. Simpson,New Zealand,2019-02-24
Cruzer,Guilt,New Zealand,2019-02-24
Cruzer,The Forest,New Zealand,2019-02-23
Cruzer,Virgin River,New Zealand,2019-02-23
Cruzer,The Best Man Holiday,New Zealand,2019-02-23
Cruzer,The Meddler,New Zealand,2019-02-23
Cruzer,Only Mine,New Zealand,2019-02-15
Cruzer,Dirty John,New Zealand,2019-02-15
Cruzer,He's Out There,New Zealand,2019-02-15
Cruzer,A Christmas Prince: The Royal Wedding,New Zealand,2019-02-15
Cruzer,One Day at a Time,New Zealand,2019-02-09
Cruzer,Deadly Switch,New Zealand,2019-02-04
Cruzer,The Christmas Chronicles,New Zealand,2019-02-03
Cruzer,Russian Doll,New Zealand,2019-02-02
Cruzer,The Women,New Zealand,2019-01-08
Cruzer,Before I Go to Sleep,New Zealand,2018-12-29
Cruzer,Brooklyn Nine-Nine,New Zealand,2018-12-29
Cruzer,You,New Zealand,2018-12-29
Cruzer,True Story,New Zealand,2018-12-29
Cruzer,Bird Box,New Zealand,2018-12-24
Cruzer,The Christmas Chronicles,New Zealand,2018-12-24
Cruzer,Dumplin',New Zealand,2018-12-14
Cruzer,Dumplin',New Zealand,2018-12-12
Cruzer,Fifty Shades Darker,New Zealand,2018-12-04
Cruzer,Holiday Baggage,New Zealand,2018-12-02
Cruzer,A Christmas Prince: The Royal Wedding,New Zealand,2018-12-02
Cruzer,The Christmas Chronicles,New Zealand,2018-11-29
Cruzer,Fantastic Beasts and Where To Find Them,New Zealand,2018-11-23
Cruzer,Free Birds,New Zealand,2018-11-23
Cruzer,The Sinner,New Zealand,2018-11-10
Cruzer,The Christmas Chronicles,New Zealand,2018-11-10
Cruzer,The Holiday Calendar,New Zealand,2018-11-06
Cruzer,The Holiday Calendar,New Zealand,2018-11-02
Cruzer,Somewhere Between,New Zealand,2018-10-27
Cruzer,El Chapo,New Zealand,2018-10-26
Cruzer,The Forest,New Zealand,2018-10-26
Cruzer,The Haunting of Hill House,New Zealand,2018-10-13
Cruzer,The Haunting of Hill House,New Zealand,2018-10-12
Cruzer,"My Teacher, My Obsession",New Zealand,2018-10-12
Cruzer,Made in Mexico,New Zealand,2018-09-30
Cruzer,One for the Money,New Zealand,2018-09-30
Cruzer,The Good Cop,New Zealand,2018-09-23
Cruzer,Chesapeake Shores,New Zealand,2018-09-22
Cruzer,How I Met Your Mother,New Zealand,2018-09-01
Cruzer,Nappily Ever After,New Zealand,2018-09-01
Cruzer,The Motive,New Zealand,2018-08-28
Cruzer,One Day at a Time,New Zealand,2018-08-19
Cruzer,"Can't Cope, Won't Cope",New Zealand,2018-08-16
Cruzer,In the Cut,New Zealand,2018-08-16
Cruzer,Grace and Frankie,New Zealand,2018-08-16
Cruzer,Just Wright,New Zealand,2018-08-16
Cruzer,The Ranch,New Zealand,2018-08-16
Cruzer,Like Father,New Zealand,2018-08-16
Cruzer,Secret City,New Zealand,2018-07-14
Wilhelmus,Jackass: Number Two,New Zealand,2021-09-06
Wilhelmus,Jackass: The Movie,New Zealand,2021-09-06
Wilhelmus,Jackass 3,New Zealand,2021-09-06
Wilhelmus,RocknRolla,New Zealand,2021-09-06
Wilhelmus,Marvel's The Defenders,New Zealand,2021-05-22
Wilhelmus,Wes Craven's New Nightmare,New Zealand,2021-04-25
Wilhelmus,Apollo 11,New Zealand,2021-04-25
Wilhelmus,Stowaway,New Zealand,2021-04-25
Wilhelmus,6 Underground,New Zealand,2021-04-25
Wilhelmus,The Curse of La Llorona,New Zealand,2021-04-25
Wilhelmus,Extraction,New Zealand,2021-04-25
Wilhelmus,The Drowning,New Zealand,2021-04-25
Wilhelmus,Glitch,New Zealand,2020-09-16
Wilhelmus,From Dusk Till Dawn,New Zealand,2020-09-16
Wilhelmus,The Irishman,New Zealand,2019-12-23
Wilhelmus,Winchester,New Zealand,2019-12-23
Wilhelmus,From Dusk Till Dawn,New Zealand,2019-12-23
Wilhelmus,Public Enemies,New Zealand,2019-12-23
Wilhelmus,Pluk Van De Petteflet,Netherlands,2019-12-08
Wilhelmus,Inside the Criminal Mind,New Zealand,2019-12-08
Wilhelmus,Criminal: UK,New Zealand,2019-12-08
Wilhelmus,"Blood, Sweat & Tears",Netherlands,2019-12-08
Wilhelmus,A Very Secret Service,New Zealand,2019-12-08
Wilhelmus,Criminal: France,New Zealand,2019-12-08
Wilhelmus,Spring Tide,Netherlands,2019-12-08
Wilhelmus,Hinterland,New Zealand,2019-12-08
Wilhelmus,Deep,New Zealand,2019-12-08
Wilhelmus,The Irishman,New Zealand,2019-12-08
Wilhelmus,Criminal: Spain,New Zealand,2019-12-08
Wilhelmus,Hotel Beau Séjour,New Zealand,2019-12-08
Wilhelmus,WHAT / IF,New Zealand,2019-12-08
Wilhelmus,The End of the F***ing World,New Zealand,2019-11-13
Wilhelmus,El Camino: A Breaking Bad Movie,New Zealand,2019-11-04
Wilhelmus,El Camino: A Breaking Bad Movie,New Zealand,2019-10-16
Wilhelmus,Down a Dark Hall,New Zealand,2019-08-26
Wilhelmus,Bird Box,New Zealand,2019-08-11
Wilhelmus,Glitch,New Zealand,2019-08-11
Wilhelmus,Money Heist,New Zealand,2019-08-03
Wilhelmus,Bordertown,New Zealand,2019-07-25
Wilhelmus,Undercover Law,New Zealand,2019-07-25
Wilhelmus,Unit 42,New Zealand,2019-07-25
Wilhelmus,The Frozen Dead,New Zealand,2019-07-23
Wilhelmus,Kidnapping Stella,New Zealand,2019-07-16
Wilhelmus,Black Spot,New Zealand,2019-07-13
Wilhelmus,WHAT / IF,New Zealand,2019-05-28
Wilhelmus,Slasher,New Zealand,2019-05-26
Wilhelmus,Slasher,New Zealand,2019-05-23
Wilhelmus,Dead to Me,New Zealand,2019-05-20
Wilhelmus,Undercover,New Zealand,2019-05-13
Wilhelmus,The Society,New Zealand,2019-05-13
Wilhelmus,The Silence,New Zealand,2019-05-13
Wilhelmus,You,New Zealand,2018-12-29
Wilhelmus,Bird Box,New Zealand,2018-12-29
Wilhelmus,The Sinner,New Zealand,2018-11-30
Wilhelmus,Narcos: Mexico,New Zealand,2018-11-30
Wilhelmus,The Haunting of Hill House,New Zealand,2018-10-16
Wilhelmus,Glitch,New Zealand,2018-09-16
Wilhelmus,Don't Hang Up,New Zealand,2018-08-16
Wilhelmus,Mulholland Dr.,New Zealand,2018-08-10
Wilhelmus,Inland Empire,New Zealand,2018-08-10
Wilhelmus,Jason Bourne,New Zealand,2018-06-14
Wilhelmus,The Chalet,New Zealand,2018-04-28
Wilhelmus,Clown,New Zealand,2018-04-20
Wilhelmus,The Chalet,New Zealand,2018-04-20
Wilhelmus,Tabula Rasa,New Zealand,2018-03-16
Wilhelmus,Ghost Wars,New Zealand,2018-03-11
Wilhelmus,Collateral,New Zealand,2018-03-11
Wilhelmus,Ghost Wars,New Zealand,2018-03-09
Wilhelmus,Blackway,New Zealand,2018-03-09
Wilhelmus,Borderliner,New Zealand,2018-03-09
Wilhelmus,Before I Wake,New Zealand,2018-03-09
Wilhelmus,Dream House,New Zealand,2018-03-01
Wilhelmus,Lights Out,New Zealand,2018-02-26
Wilhelmus,Damnation,New Zealand,2018-02-25
Wilhelmus,10 Cloverfield Lane,New Zealand,2018-02-22
Wilhelmus,Everything Sucks!,New Zealand,2018-02-18
Wilhelmus,Don't Knock Twice,New Zealand,2018-02-11
Wilhelmus,The Ritual,New Zealand,2018-02-10
Wilhelmus,The Witch,New Zealand,2018-02-10
Wilhelmus,The Cloverfield Paradox,New Zealand,2018-02-08
Wilhelmus,Dirty Money,New Zealand,2018-02-08
Wilhelmus,The Conjuring 2,New Zealand,2018-01-31
Wilhelmus,The Conjuring,New Zealand,2018-01-31
Wilhelmus,Line of Duty,New Zealand,2018-01-20
Wilhelmus,The Open House,New Zealand,2018-01-20
Wilhelmus,10 Cloverfield Lane,New Zealand,2018-01-08
Wilhelmus,Slasher,New Zealand,2017-12-31
Wilhelmus,Travelers,New Zealand,2017-12-31
Wilhelmus,MINDHUNTER,New Zealand,2017-12-31
Wilhelmus,1922,New Zealand,2017-12-28
Wilhelmus,Wormwood,New Zealand,2017-12-23
Wilhelmus,Stephen King's A Good Marriage,New Zealand,2017-12-23
Wilhelmus,Travelers,New Zealand,2017-12-23
Wilhelmus,Bright,New Zealand,2017-12-22
Wilhelmus,Money Heist,New Zealand,2017-12-21
Wilhelmus,Glitch,New Zealand,2017-12-21
Wilhelmus,Between,New Zealand,2017-12-21
Wilhelmus,Riverdale,New Zealand,2017-12-21
Wilhelmus,The Returned,New Zealand,2017-12-09
Wilhelmus,Dark,New Zealand,2017-12-04
Wilhelmus,Marvel's The Punisher,New Zealand,2017-12-04
Wilhelmus,Gerald's Game,New Zealand,2017-12-03
Wilhelmus,Marvel's Iron Fist,New Zealand,2017-03-12
Wilhelmus,A Series of Unfortunate Events,New Zealand,2017-01-16
Wilhelmus,DreamWorks Shrek the Halls,New Zealand,2016-12-24
Wilhelmus,The Killing,New Zealand,2016-12-24
Wilhelmus,The Good Wife,New Zealand,2016-12-24
Wilhelmus,The Girl Who Kicked the Hornets' Nest,New Zealand,2016-12-24
School for Miss Cruz,Latte and the Magic Waterstone,New Zealand,2020-12-16
School for Miss Cruz,DreamWorks Happy Holidays from Madagascar,New Zealand,2020-12-16
School for Miss Cruz,Dragons: Rescue Riders: Huttsgalor Holiday,New Zealand,2020-12-16
School for Miss Cruz,The Gruffalo,New Zealand,2020-12-16
School for Miss Cruz,Super Monsters: Santa’s Super Monster Helpers,New Zealand,2020-12-16
School for Miss Cruz,Super Monsters and the Wish Star,New Zealand,2020-12-16
School for Miss Cruz,Trolls Holiday Special,New Zealand,2020-12-16
School for Miss Cruz,A Trash Truck Christmas,New Zealand,2020-12-16
School for Miss Cruz,The Gruffalo's Child,New Zealand,2020-12-16
School for Miss Cruz,The Garfield Show,New Zealand,2018-09-09
School for Miss Cruz,Curious George,New Zealand,2018-09-09
School for Miss Cruz,Trolls: The Beat Goes On!,New Zealand,2018-09-09
School for Miss Cruz,The Secret Life of Pets,New Zealand,2018-09-09
School for Miss Cruz,Super Monsters,New Zealand,2018-09-09
School for Miss Cruz,Ask the StoryBots,New Zealand,2018-09-09
School for Miss Cruz,Tom and Jerry: Willy Wonka and the Chocolate Factory,New Zealand,2018-09-09
School for Miss Cruz,Curious George,New Zealand,2018-08-23
School for Miss Cruz,Splash and Bubbles,New Zealand,2018-08-23
School for Miss Cruz,Trolls: The Beat Goes On!,New Zealand,2018-08-23
School for Miss Cruz,Beat Bugs: All Together Now,New Zealand,2018-08-23
School for Miss Cruz,The Magic School Bus Rides Again,New Zealand,2018-08-23
School for Miss Cruz,Tom and Jerry: Willy Wonka and the Chocolate Factory,New Zealand,2018-08-23
School for Miss Cruz,Beat Bugs,New Zealand,2018-08-23
School for Miss Cruz,Charlie and Lola,New Zealand,2018-08-23
School for Miss Cruz,The Garfield Show,New Zealand,2018-08-23
